relative_path,skip_code,status,approved_on,rationale
01_立法与公开行政文件/04_规章/02_地方政府规章/宁夏/宁夏回族自治区地方预算执行情况审计监督办法_2010-11-04_有效_ima-74a1eaed.md,MISSING_OFFICIAL_DECISION_ORDER,ACTIVE,2026-08-04,历史修改决定未公开完整19件次序；按用户决定跳过正式编码
01_立法与公开行政文件/04_规章/02_地方政府规章/宁夏/宁夏回族自治区地震灾情上报规定_2010-11-04_有效_ima-835b5fa9.md,MISSING_OFFICIAL_DECISION_ORDER,ACTIVE,2026-08-04,历史修改决定未公开完整19件次序；按用户决定跳过正式编码
01_立法与公开行政文件/04_规章/02_地方政府规章/宁夏/宁夏回族自治区国有企业档案工作规定_2010-11-04_有效_ima-0cabe67a.md,MISSING_OFFICIAL_DECISION_ORDER,ACTIVE,2026-08-04,历史修改决定未公开完整19件次序；按用户决定跳过正式编码
01_立法与公开行政文件/04_规章/02_地方政府规章/宁夏/宁夏回族自治区科学技术保密细则_2010-11-04_有效_ima-a9f6eac0.md,MISSING_OFFICIAL_DECISION_ORDER,ACTIVE,2026-08-04,历史修改决定未公开完整19件次序；按用户决定跳过正式编码
01_立法与公开行政文件/04_规章/02_地方政府规章/宁夏/宁夏回族自治区民兵预备役部队训练基地（中心）管理规定_2010-11-04_有效_ima-9d81e240.md,MISSING_OFFICIAL_DECISION_ORDER,ACTIVE,2026-08-04,历史修改决定未公开完整19件次序；按用户决定跳过正式编码
02_法院系统/02_法院司法规范性文件/最高人民法院关于涉外海事诉讼管辖的具体规定_2026-01-06_有效_imp-32e7-71709096.md,MISSING_OFFICIAL_DECISION_ORDER,ACTIVE,2026-08-04,两件同日历史文件均无文号且原版顺序不可得；按用户决定跳过正式编码
02_法院系统/02_法院司法规范性文件/最高人民法院关于诉讼前扣押船舶的具体规定_2026-01-06_有效_imp-32e7-68cbef2f.md,MISSING_OFFICIAL_DECISION_ORDER,ACTIVE,2026-08-04,两件同日历史文件均无文号且原版顺序不可得；按用户决定跳过正式编码
01_立法与公开行政文件/04_规章/01_部门规章/交通运输部规章/大型飞机公共航空运输承运人运行合格审定规则_2026-01-01_有效_ima-5cce8912.md,CONTENT_STRUCTURE_UNREPRESENTABLE,ACTIVE,2026-08-05,条号采用第121.771条等小数式体系；无法确定性映射为国标四位条号；按用户决定跳过正式编码
01_立法与公开行政文件/04_规章/01_部门规章/交通运输部规章/涡轮发动机飞机燃油排泄和排气排出物规定_2028-01-01_有效_ima-2d2cdb5a.md,CONTENT_STRUCTURE_UNREPRESENTABLE,ACTIVE,2026-08-05,条号采用第34.1条等小数式体系；无法无歧义映射为国标四位条号；按同类已批准规则跳过正式编码
