agency_code_suffix,agency_name,status,note,source_standard
1000,全国人民代表大会,现行,地方人民代表大会复用此码,GB/T 47277—2026 附录B表B.1
1001,全国人民代表大会常务委员会,现行,,GB/T 47277—2026 附录B表B.1
1010,全国人大常委会办公厅,现行,出自 GB/T4657—2021 表2,GB/T 47277—2026 附录B表B.1
1020,全国人大环境与资源保护委员会,现行,出自 GB/T4657—2021 表2,GB/T 47277—2026 附录B表B.1
1030,全国人大民族委员会,现行,出自 GB/T4657—2021 表2,GB/T 47277—2026 附录B表B.1
1040,全国人大农业与农村委员会,现行,出自 GB/T4657—2021 表2,GB/T 47277—2026 附录B表B.1
1050,全国人大常委会法制工作委员会,现行,出自 GB/T4657—2021 表2,GB/T 47277—2026 附录B表B.1
1060,全国人大常委会预算工作委员会,现行,出自 GB/T4657—2021 表2,GB/T 47277—2026 附录B表B.1
1070,全国人大法律委员会,—,出自 GB/T4657—2021 表 B.6,GB/T 47277—2026 附录B表B.1
1071,全国人大宪法和法律委员会,现行,出自 GB/T4657—2021 表2,GB/T 47277—2026 附录B表B.1
1090,全国人大内务司法委员会,—,出自 GB/T4657—2021 表 B.6,GB/T 47277—2026 附录B表B.1
1091,全国人大监察和司法委员会,现行,出自 GB/T4657—2021 表2,GB/T 47277—2026 附录B表B.1
1110,全国人大财政经济委员会,现行,出自 GB/T4657—2021 表2,GB/T 47277—2026 附录B表B.1
1130,全国人大教育科学文化卫生委员会,现行,出自 GB/T4657—2021 表2,GB/T 47277—2026 附录B表B.1
1150,全国人大外事委员会,现行,出自 GB/T4657—2021 表2,GB/T 47277—2026 附录B表B.1
1170,全国人大华侨委员会,现行,出自 GB/T4657—2021 表2,GB/T 47277—2026 附录B表B.1
1180,全国人大社会建设委员会,现行,出自 GB/T4657—2021 表2,GB/T 47277—2026 附录B表B.1
1210,香港特别行政区基本法委员会,—,出自 GB/T4657—2021表 B.13,GB/T 47277—2026 附录B表B.1
1211,全国人大常委会香港特别行政区基本法委员会,现行,出自 GB/T4657—2021表2,GB/T 47277—2026 附录B表B.1
1220,澳门特别行政区基本法委员会,现行,出自 GB/T4657—2021表 B.13,GB/T 47277—2026 附录B表B.1
1221,全国人大常委会澳门特别行政区基本法委员会,现行,出自 GB/T4657—2021表2,GB/T 47277—2026 附录B表B.1
1230,全国人民代表大会常务委员会代表工作委员会,现行,,GB/T 47277—2026 附录B表B.1
1240,全国人民代表大会常务委员会代表资格审查委员会,现行,,GB/T 47277—2026 附录B表B.1
1250,全国人民代表大会法律委员会,—,,GB/T 47277—2026 附录B表B.1
1260,全国人民代表大会内务司法委员会,—,,GB/T 47277—2026 附录B表B.1
1310,政协全国委员会机关,—,出自 GB/T4657—2021 表 B.8,GB/T 47277—2026 附录B表B.1
1311,全国政协办公厅,现行,出自 GB/T4657—2021 表2,GB/T 47277—2026 附录B表B.1
1320,全国政协提案委员会,现行,出自 GB/T4657—2021 表2,GB/T 47277—2026 附录B表B.1
1330,全国政协经济委员会,现行,出自 GB/T4657—2021 表2,GB/T 47277—2026 附录B表B.1
1340,全国政协人口资源环境委员会,现行,出自 GB/T4657—2021 表2,GB/T 47277—2026 附录B表B.1
1350,全国政协教科文卫体委员会,—,出自 GB/T4657—2021 表 B.6,GB/T 47277—2026 附录B表B.1
1351,全国政协教科卫体委员会,现行,出自 GB/T4657—2021 表2,GB/T 47277—2026 附录B表B.1
1360,全国政协社会和法制委员会,现行,出自 GB/T4657—2021 表2,GB/T 47277—2026 附录B表B.1
1370,全国政协民族和宗教委员会,现行,出自 GB/T4657—2021 表2,GB/T 47277—2026 附录B表B.1
1380,全国政协港澳台侨委员会,现行,出自 GB/T4657—2021 表2,GB/T 47277—2026 附录B表B.1
1390,全国政协外事委员会,现行,出自 GB/T4657—2021 表2,GB/T 47277—2026 附录B表B.1
1400,全国政协文史和学习委员会,—,出自 GB/T4657—2021 表 B.6,GB/T 47277—2026 附录B表B.1
1401,全国政协文化文史和学习委员会,现行,出自 GB/T4657—2021 表2,GB/T 47277—2026 附录B表B.1
1410,全国政协农业和农村委员会,现行,出自 GB/T4657—2021 表2,GB/T 47277—2026 附录B表B.1
1510,最高人民检察院,现行,出自 GB/T4657—2021 表2,GB/T 47277—2026 附录B表B.1
1610,最高人民法院,现行,出自 GB/T4657—2021 表2,GB/T 47277—2026 附录B表B.1
1710,国家监察委员会,现行,出自 GB/T4657—2021 表2,GB/T 47277—2026 附录B表B.1
2010,中央办公厅,—,出自 GB/T4657—2021表 B.15,GB/T 47277—2026 附录B表B.1
2011,中共中央办公厅,现行,出自 GB/T4657—2021 表1,GB/T 47277—2026 附录B表B.1
2030,中央组织部,—,出自 GB/T4657—2021表 B.15,GB/T 47277—2026 附录B表B.1
2031,中共中央组织部,现行,出自 GB/T4657—2021 表1,GB/T 47277—2026 附录B表B.1
2110,中央宣传部,—,出自 GB/T4657—2021表 B.15,GB/T 47277—2026 附录B表B.1
2111,中共中央宣传部,现行,出自 GB/T4657—2021 表1,GB/T 47277—2026 附录B表B.1
2120,中共中央社会工作部,现行,,GB/T 47277—2026 附录B表B.1
2130,中央统战部,—,出自 GB/T4657—2021表 B.15,GB/T 47277—2026 附录B表B.1
2131,中共中央统一战线工作部,现行,出自 GB/T4657—2021 表1,GB/T 47277—2026 附录B表B.1
2150,中央对外联络部,—,出自 GB/T4657—2021表 B.15,GB/T 47277—2026 附录B表B.1
2151,中共中央对外联络部,现行,出自 GB/T4657—2021 表1,GB/T 47277—2026 附录B表B.1
2160,中央政法委员会,—,出自 GB/T4657—2021表 B.15,GB/T 47277—2026 附录B表B.1
2161,中共中央政法委员会,现行,出自 GB/T4657—2021 表1,GB/T 47277—2026 附录B表B.1
2170,中央政治体制改革研究室,—,出自 GB/T4657—2021 表 B.4,GB/T 47277—2026 附录B表B.1
2180,中央政策研究室,—,出自 GB/T4657—2021表 B.14,GB/T 47277—2026 附录B表B.1
2181,中共中央政策研究室(中央全面深化改革委员会办公室),现行,出自 GB/T4657—2021 表1,GB/T 47277—2026 附录B表B.1
2190,中央农村政策研究室,—,出自 GB/T4657—2021 表 B.4,GB/T 47277—2026 附录B表B.1
2210,中央顾问委员会机关,—,出自 GB/T4657—2021 表 B.4,GB/T 47277—2026 附录B表B.1
2220,中央纪律检查委员会,—,出自 GB/T4657—2021表 B.15,GB/T 47277—2026 附录B表B.1
2221,中共中央纪律检查委员会,现行,出自 GB/T4657—2021 表1,GB/T 47277—2026 附录B表B.1
2230,中央对外宣传办公室,—,出自 GB/T4657—2021 表 B.1,GB/T 47277—2026 附录B表B.1
2240,中央财经领导小组办公室,—,出自 GB/T4657—2021 表 B.6,GB/T 47277—2026 附录B表B.1
2241,中央财经委员会办公室,现行,出自 GB/T4657—2021 表1,GB/T 47277—2026 附录B表B.1
2250,中央机构编制委员会办公室,现行,出自 GB/T4657—2021 表1,GB/T 47277—2026 附录B表B.1
2260,中央外事工作领导小组办公室,—,出自 GB/T4657—2021 表 B.6,GB/T 47277—2026 附录B表B.1
2261,中央外事工作委员会办公室,现行,出自 GB/T4657—2021 表1,GB/T 47277—2026 附录B表B.1
2310,中央对台工作领导小组办公室,—,出自 GB/T4657—2021 表 B.8,GB/T 47277—2026 附录B表B.1
2311,中央台湾工作办公室,—,出自 GB/T4657—2021 表 B.8,GB/T 47277—2026 附录B表B.1
2312,中共中央台湾工作办公室,现行,出自 GB/T4657—2021 表1,GB/T 47277—2026 附录B表B.1
2330,中央直属机关工作委员会,—,出自 GB/T4657—2021 表 B.1,GB/T 47277—2026 附录B表B.1
2340,中央直属机关事务管理局,—,出自 GB/T4657—2021 表 B.1,GB/T 47277—2026 附录B表B.1
2350,中央国家机关工作委员会,—,出自 GB/T4657—2021 表 B.1,GB/T 47277—2026 附录B表B.1
2360,中央金融工作委员会,—,出自 GB/T4657—2021 表 B.1,GB/T 47277—2026 附录B表B.1
2370,中央企业工作委员会,—,出自 GB/T4657—2021 表 B.1,GB/T 47277—2026 附录B表B.1
2380,中央香港工作委员会,现行,出自 GB/T4657—2021 表1,GB/T 47277—2026 附录B表B.1
2390,中央澳门工作委员会,现行,出自 GB/T4657—2021 表1,GB/T 47277—2026 附录B表B.1
2400,中央精神文明办公室,—,出自 GB/T4657—2021 表 B.6,GB/T 47277—2026 附录B表B.1
2401,中央精神文明建设指导委员会办公室,现行,出自 GB/T4657—2021 表1,GB/T 47277—2026 附录B表B.1
2410,中央档案馆,现行,出自 GB/T4657—2021 表1,GB/T 47277—2026 附录B表B.1
2430,中央保密委员会办公室,—,出自 GB/T4657—2021表 B.14,GB/T 47277—2026 附录B表B.1
2431,中共中央保密委员会办公室,现行,出自 GB/T4657—2021 表1,GB/T 47277—2026 附录B表B.1
2440,中央密码工作领导小组办公室,现行,出自 GB/T4657—2021 表1,GB/T 47277—2026 附录B表B.1
2510,中央国家安全委员会办公室,现行,出自 GB/T4657—2021 表1,GB/T 47277—2026 附录B表B.1
2520,中央网络安全和信息化委员会办公室,现行,出自 GB/T4657—2021 表1,GB/T 47277—2026 附录B表B.1
2530,中央和国家机关工作委员会,现行,出自 GB/T4657—2021 表1,GB/T 47277—2026 附录B表B.1
2550,中央军民融合发展委员会办公室,现行,出自 GB/T4657—2021 表1,GB/T 47277—2026 附录B表B.1
2560,中央人民政府驻香港特别行政区维护国家安全公署,现行,出自 GB/T4657—2021 表1,GB/T 47277—2026 附录B表B.1
2800,中央党校,现行,出自 GB/T4657—2021 表1,GB/T 47277—2026 附录B表B.1
2820,人民日报社,现行,出自 GB/T4657—2021 表1,GB/T 47277—2026 附录B表B.1
2830,中央党史研究室,—,出自 GB/T4657—2021 表 B.1,GB/T 47277—2026 附录B表B.1
2840,中央文献研究室,—,出自 GB/T4657—2021 表 B.1,GB/T 47277—2026 附录B表B.1
2850,中央编译局,—,出自 GB/T4657—2021 表1,GB/T 47277—2026 附录B表B.1
2860,求是杂志社,现行,出自 GB/T4657—2021 表1,GB/T 47277—2026 附录B表B.1
2870,光明日报社,现行,出自 GB/T4657—2021 表1,GB/T 47277—2026 附录B表B.1
2880,中国日报社,现行,出自 GB/T4657—2021 表1,GB/T 47277—2026 附录B表B.1
2890,经济日报社,现行,出自 GB/T4657—2021 表1,GB/T 47277—2026 附录B表B.1
2900,中国外文出版发行事业局,现行,出自 GB/T4657—2021 表1,GB/T 47277—2026 附录B表B.1
2910,中央社会主义学院,现行,出自 GB/T4657—2021 表1,GB/T 47277—2026 附录B表B.1
2920,中国浦东干部学院,现行,出自 GB/T4657—2021 表1,GB/T 47277—2026 附录B表B.1
2930,中国井冈山干部学院,现行,出自 GB/T4657—2021 表1,GB/T 47277—2026 附录B表B.1
2940,中国延安干部学院,现行,出自 GB/T4657—2021 表1,GB/T 47277—2026 附录B表B.1
2950,中共中央党史和文献研究院,现行,出自 GB/T4657—2021 表1,GB/T 47277—2026 附录B表B.1
3000,国务院,现行,地方人民政府复用此码,GB/T 47277—2026 附录B表B.1
3000,国务院反垄断委员会,历史,国务院设立的议事协调机构；证据 antimonopoly_committee_agency_code_evidence.md SHA-256 3f598d377b062bb08867d94b7eea19c99c94232713fe40e520460a484cbe86b7,GB/T 47229.2—2026 A.2.3(a)及表B.3
3000,国务院反垄断反不正当竞争委员会,现行,国务院设立的议事协调机构；证据 antimonopoly_committee_agency_code_evidence.md SHA-256 3f598d377b062bb08867d94b7eea19c99c94232713fe40e520460a484cbe86b7,GB/T 47229.2—2026 A.2.3(a)及表B.3
3009,政务院,—,,GB/T 47277—2026 附录B表B.1
3010,中华人民共和国外交部,现行,出自 GB/T4657—2021 表3,GB/T 47277—2026 附录B表B.1
3020,中华人民共和国国防部,现行,出自 GB/T4657—2021 表3,GB/T 47277—2026 附录B表B.1
3030,国家计划委员会,—,出自 GB/T4657—2021 表 B.8,GB/T 47277—2026 附录B表B.1
3031,国家发展计划委员会,—,出自 GB/T4657—2021 表 B.7,GB/T 47277—2026 附录B表B.1
3032,中华人民共和国国家发展和改革委员会,现行,出自 GB/T4657—2021 表3,GB/T 47277—2026 附录B表B.1
3040,国家经济委员会,—,出自 GB/T4657—2021 表 B.5,GB/T 47277—2026 附录B表B.1
3041,国家经济贸易委员会,—,出自 GB/T4657—2021 表 B.2,GB/T 47277—2026 附录B表B.1
3050,国家经济体制改革委员会,—,出自 GB/T4657—2021 表 B.3,GB/T 47277—2026 附录B表B.1
3060,国家科学技术委员会,—,出自 GB/T4657—2021 表 B.8,GB/T 47277—2026 附录B表B.1
3061,中华人民共和国科学技术部,现行,出自 GB/T4657—2021 表3,GB/T 47277—2026 附录B表B.1
3070,国防科学技术工业委员会,—,出自 GB/T4657—2021 表 B.2,GB/T 47277—2026 附录B表B.1
3080,中华人民共和国国家民族事务委员会,现行,出自 GB/T4657—2021 表3,GB/T 47277—2026 附录B表B.1
3110,监察部,—,出自 GB/T4657—2021 表 B.1,GB/T 47277—2026 附录B表B.1
3120,中华人民共和国公安部,现行,出自 GB/T4657—2021 表3,GB/T 47277—2026 附录B表B.1
3130,中华人民共和国国家安全部,现行,出自 GB/T4657—2021 表3,GB/T 47277—2026 附录B表B.1
3140,中华人民共和国民政部,现行,出自 GB/T4657—2021 表3,GB/T 47277—2026 附录B表B.1
3150,中华人民共和国司法部,现行,出自 GB/T4657—2021 表3,GB/T 47277—2026 附录B表B.1
3160,人事部,—,出自 GB/T4657—2021 表 B.2,GB/T 47277—2026 附录B表B.1
3170,劳动部,—,出自 GB/T4657—2021 表 B.8,GB/T 47277—2026 附录B表B.1
3171,劳动和社会保障部,—,出自 GB/T4657—2021 表 B.2,GB/T 47277—2026 附录B表B.1
3180,中华人民共和国财政部,现行,出自 GB/T4657—2021 表3,GB/T 47277—2026 附录B表B.1
3190,中华人民共和国审计署,现行,出自 GB/T4657—2021 表3,GB/T 47277—2026 附录B表B.1
3200,中国人民银行,现行,出自 GB/T4657—2021 表3,GB/T 47277—2026 附录B表B.1
3210,商业部,—,出自 GB/T4657—2021 表 B.9,GB/T 47277—2026 附录B表B.1
3211,国内贸易部,—,出自 GB/T4657—2021 表 B.3,GB/T 47277—2026 附录B表B.1
3220,对外经济贸易部,—,出自 GB/T4657—2021 表 B.9,GB/T 47277—2026 附录B表B.1
3221,对外贸易经济合作部,—,出自 GB/T4657—2021 表 B.2,GB/T 47277—2026 附录B表B.1
3240,物资部,—,出自 GB/T4657—2021 表 B.4,GB/T 47277—2026 附录B表B.1
3260,农业部,—,出自 GB/T4657—2021 表 B.1,GB/T 47277—2026 附录B表B.1
3270,林业部,—,出自 GB/T4657—2021 表 B.3,GB/T 47277—2026 附录B表B.1
3280,机械电子工业部,—,出自 GB/T4657—2021 表 B.4,GB/T 47277—2026 附录B表B.1
3290,航空航天工业部,—,出自 GB/T4657—2021 表 B.4,GB/T 47277—2026 附录B表B.1
3300,电力工业部,—,出自 GB/T4657—2021 表 B.3,GB/T 47277—2026 附录B表B.1
3310,能源部,—,出自 GB/T4657—2021 表 B.4,GB/T 47277—2026 附录B表B.1
3320,水利电力部,—,出自 GB/T4657—2021 表 B.10,GB/T 47277—2026 附录B表B.1
3321,中华人民共和国水利部,现行,出自 GB/T4657—2021 表3,GB/T 47277—2026 附录B表B.1
3330,城乡建设环境保护部,—,出自 GB/T4657—2021 表 B.10,GB/T 47277—2026 附录B表B.1
3331,建设部,—,出自 GB/T4657—2021 表 B.7,GB/T 47277—2026 附录B表B.1
3332,中华人民共和国住房和城乡建设部,现行,出自 GB/T4657—2021 表3,GB/T 47277—2026 附录B表B.1
3340,地质矿产部,—,出自 GB/T4657—2021 表 B.8,GB/T 47277—2026 附录B表B.1
3341,国土资源部,—,出自 GB/T4657—2021 表 B.1,GB/T 47277—2026 附录B表B.1
3350,冶金工业部,—,出自 GB/T4657—2021 表 B.3,GB/T 47277—2026 附录B表B.1
3360,机械工业部,—,出自 GB/T4657—2021 表 B.3,GB/T 47277—2026 附录B表B.1
3370,核工业部,—,出自 GB/T4657—2021 表 B.5,GB/T 47277—2026 附录B表B.1
3380,航空工业部,—,出自 GB/T4657—2021 表 B.5,GB/T 47277—2026 附录B表B.1
3390,电子工业部,—,出自 GB/T4657—2021 表 B.5,GB/T 47277—2026 附录B表B.1
3391,信息产业部,—,出自 GB/T4657—2021 表 B.7,GB/T 47277—2026 附录B表B.1
3392,中华人民共和国工业和信息化部,现行,出自 GB/T4657—2021 表3,GB/T 47277—2026 附录B表B.1
3400,兵器工业部,—,出自 GB/T4657—2021 表 B.5,GB/T 47277—2026 附录B表B.1
3410,航天工业部,—,出自 GB/T4657—2021 表 B.5,GB/T 47277—2026 附录B表B.1
3420,煤炭工业部,—,出自 GB/T4657—2021 表 B.3,GB/T 47277—2026 附录B表B.1
3430,石油工业部,—,出自 GB/T4657—2021 表 B.5,GB/T 47277—2026 附录B表B.1
3440,化学工业部,—,出自 GB/T4657—2021 表 B.3,GB/T 47277—2026 附录B表B.1
3450,纺织工业部,—,出自 GB/T4657—2021 表 B.4,GB/T 47277—2026 附录B表B.1
3460,轻工业部,—,出自 GB/T4657—2021 表 B.4,GB/T 47277—2026 附录B表B.1
3470,铁道部,—,出自 GB/T4657—2021 表 B.1,GB/T 47277—2026 附录B表B.1
3480,交通部,—,出自 GB/T4657—2021 表 B.7,GB/T 47277—2026 附录B表B.1
3481,中华人民共和国交通运输部,现行,出自 GB/T4657—2021 表3,GB/T 47277—2026 附录B表B.1
3490,邮电部,—,出自 GB/T4657—2021 表 B.3,GB/T 47277—2026 附录B表B.1
3560,劳动人事部,—,出自 GB/T4657—2021 表 B.5,GB/T 47277—2026 附录B表B.1
3561,中华人民共和国人力资源和社会保障部,现行,出自 GB/T4657—2021 表3,GB/T 47277—2026 附录B表B.1
3570,文化部,—,出自 GB/T4657—2021 表 B.1,GB/T 47277—2026 附录B表B.1
3590,广播电视部,—,出自 GB/T4657—2021 表 B.10,GB/T 47277—2026 附录B表B.1
3591,广播电影电视部,—,出自 GB/T4657—2021 表 B.3,GB/T 47277—2026 附录B表B.1
3600,中华人民共和国教育部,现行,出自 GB/T4657—2021 表3,GB/T 47277—2026 附录B表B.1
3601,国家教育委员会,—,出自 GB/T4657—2021 表 B.8,GB/T 47277—2026 附录B表B.1
3610,卫生部,—,出自 GB/T4657—2021 表 B.1,GB/T 47277—2026 附录B表B.1
3620,国家体育运动委员会,—,出自 GB/T4657—2021 表 B.3,GB/T 47277—2026 附录B表B.1
3630,国家计划生育委员会,—,出自 GB/T4657—2021 表 B.7,GB/T 47277—2026 附录B表B.1
3631,国家人口和计划生育委员会,—,出自 GB/T4657—2021 表 B.1,GB/T 47277—2026 附录B表B.1
3650,环境保护部,—,出自 GB/T4657—2021 表 B.1,GB/T 47277—2026 附录B表B.1
3660,中华人民共和国商务部,现行,出自 GB/T4657—2021 表3,GB/T 47277—2026 附录B表B.1
3670,中华人民共和国自然资源部,现行,出自 GB/T4657—2021 表3,GB/T 47277—2026 附录B表B.1
3680,中华人民共和国退役军人事务部,现行,出自 GB/T4657—2021 表3,GB/T 47277—2026 附录B表B.1
3690,中华人民共和国应急管理部,现行,出自 GB/T4657—2021 表3,GB/T 47277—2026 附录B表B.1
3700,中华人民共和国生态环境部,现行,出自 GB/T4657—2021 表3,GB/T 47277—2026 附录B表B.1
3710,中华人民共和国农业农村部,现行,出自 GB/T4657—2021 表3,GB/T 47277—2026 附录B表B.1
3720,中华人民共和国文化和旅游部,现行,出自 GB/T4657—2021 表3,GB/T 47277—2026 附录B表B.1
3730,中华人民共和国国家卫生健康委员会,现行,出自 GB/T4657—2021 表3,GB/T 47277—2026 附录B表B.1
4010,国家市场监督管理总局,现行,出自 GB/T4657—2021 表4,GB/T 47277—2026 附录B表B.1
4020,国家新闻出版广电总局,—,,GB/T 47277—2026 附录B表B.1
4021,国家广播电视总局,现行,出自 GB/T4657—2021 表4,GB/T 47277—2026 附录B表B.1
4030,国家国际发展合作署,现行,出自 GB/T4657—2021 表4,GB/T 47277—2026 附录B表B.1
4040,国家医疗保障局,现行,司法部公开行业标准PDF表B.1复核,GB/T 47277—2026 附录B表B.1
4060,国家林业和草原局(国家公园管理局),现行,出自 GB/T4657—2021 表4,GB/T 47277—2026 附录B表B.1
4070,国家移民管理局(中华人民共和国出入境管理局),现行,出自 GB/T4657—2021 表4,GB/T 47277—2026 附录B表B.1
4080,中央广播电视总台,现行,出自 GB/T4657—2021 表4,GB/T 47277—2026 附录B表B.1
4090,国家金融监督管理总局,现行,,GB/T 47277—2026 附录B表B.1
4100,国家统计局,现行,出自 GB/T4657—2021 表4,GB/T 47277—2026 附录B表B.1
4110,国家物价局,—,出自 GB/T4657—2021 表 B.4,GB/T 47277—2026 附录B表B.1
4120,国家物资局,—,出自 GB/T4657—2021 表 B.5,GB/T 47277—2026 附录B表B.1
4130,国家建筑材料工业局,—,出自 GB/T4657—2021 表 B.3,GB/T 47277—2026 附录B表B.1
4140,国家工商行政管理局,—,出自 GB/T4657—2021 表 B.8,GB/T 47277—2026 附录B表B.1
4141,国家工商行政管理总局,—,出自 GB/T4657—2021 表 B.1,GB/T 47277—2026 附录B表B.1
4150,中华人民共和国海关总署,现行,出自 GB/T4657—2021 表4,GB/T 47277—2026 附录B表B.1
4160,国家气象局,—,出自 GB/T4657—2021 表 B.9,GB/T 47277—2026 附录B表B.1
4161,中国气象局,现行,出自 GB/T4657—2021 表4,GB/T 47277—2026 附录B表B.1
4170,中国民用航空局,现行,出自 GB/T4657—2021 表4,GB/T 47277—2026 附录B表B.1
4171,中国民用航空总局,—,出自 GB/T4657—2021 表 B.7,GB/T 47277—2026 附录B表B.1
4180,国家海洋局,现行,出自 GB/T4657—2021表 B.1,GB/T 47277—2026 附录B表B.1
4190,国家地震局,—,出自 GB/T4657—2021 表 B.8,GB/T 47277—2026 附录B表B.1
4191,中国地震局,现行,出自 GB/T4657—2021 表4,GB/T 47277—2026 附录B表B.1
4200,国家旅游局,—,出自 GB/T4657—2021 表 B.1,GB/T 47277—2026 附录B表B.1
4210,新闻出版署,—,出自 GB/T4657—2021 表 B.8,GB/T 47277—2026 附录B表B.1
4211,国家新闻出版总署,—,出自 GB/T4657—2021 表 B.1,GB/T 47277—2026 附录B表B.1
4220,国家技术监督局(国家质量技术监督局),—,出自 GB/T4657—2021 表 B.3,GB/T 47277—2026 附录B表B.1
4230,国家土地管理局,—,出自 GB/T4657—2021 表 B.3,GB/T 47277—2026 附录B表B.1
4240,国家质量监督检验检疫总局,—,出自 GB/T4657—2021 表 B.1,GB/T 47277—2026 附录B表B.1
4250,国家广播电影电视总局,—,出自 GB/T4657—2021 表 B.1,GB/T 47277—2026 附录B表B.1
4260,中国文字改革委员会,—,出自 GB/T4657—2021 表 B.10,GB/T 47277—2026 附录B表B.1
4261,国家语言文字工作委员会,现行,出自 GB/T4657—2021表 B.1,GB/T 47277—2026 附录B表B.1
4270,国务院宗教事务局,—,出自 GB/T4657—2021 表 B.8,GB/T 47277—2026 附录B表B.1
4271,国家宗教事务局,—,出自 GB/T4657—2021表 B.1,GB/T 47277—2026 附录B表B.1
4280,国家档案局,—,出自 GB/T4657—2021表 B.4,GB/T 47277—2026 附录B表B.1
4290,国务院参事室,现行,出自 GB/T4657—2021 表4,GB/T 47277—2026 附录B表B.1
4300,国务院机关事务管理局,—,出自 GB/T4657—2021 表 B.6,GB/T 47277—2026 附录B表B.1
4301,国家机关事务管理局,现行,出自 GB/T4657—2021 表4,GB/T 47277—2026 附录B表B.1
4310,国务院研究室,现行,出自 GB/T4657—2021 表4,GB/T 47277—2026 附录B表B.1
4320,国家林业局,—,出自 GB/T4657—2021 表 B.1,GB/T 47277—2026 附录B表B.1
4330,国务院法制局,—,出自 GB/T4657—2021 表 B.8,GB/T 47277—2026 附录B表B.1
4331,国务院法制办公室,—,出自 GB/T4657—2021 表 B.1,GB/T 47277—2026 附录B表B.1
4340,中华人民共和国国务院办公厅,现行,出自 GB/T4657—2021 表4,GB/T 47277—2026 附录B表B.1
4350,国务院侨务办公室,现行,出自 GB/T4657—2021表 B.1,GB/T 47277—2026 附录B表B.1
4360,国务院港澳办公室,—,出自 GB/T4657—2021 表 B.9,GB/T 47277—2026 附录B表B.1
4361,国务院港澳事务办公室,现行,出自 GB/T4657—2021 表4,GB/T 47277—2026 附录B表B.1
4370,国务院特区办公室,—,出自 GB/T4657—2021 表 B.3,GB/T 47277—2026 附录B表B.1
4380,国务院外事办公室,—,出自 GB/T4657—2021 表 B.2,GB/T 47277—2026 附录B表B.1
4390,国务院台湾事务办公室,现行,出自 GB/T4657—2021表 B.4,GB/T 47277—2026 附录B表B.1
4400,国家外国专家局,现行,出自 GB/T4657—2021表 B.1,GB/T 47277—2026 附录B表B.1
4410,国务院经济体制改革办公室,—,出自 GB/T4657—2021 表 B.2,GB/T 47277—2026 附录B表B.1
4420,中华全国供销合作总社,现行,出自 GB/T4657—2021 表4,GB/T 47277—2026 附录B表B.1
4430,国家邮政局,现行,出自 GB/T4657—2021 表4,GB/T 47277—2026 附录B表B.1
4440,国家税务局,—,出自 GB/T4657—2021 表 B.9,GB/T 47277—2026 附录B表B.1
4441,国家税务总局,现行,出自 GB/T4657—2021 表4,GB/T 47277—2026 附录B表B.1
4450,国家外汇管理局,现行,出自 GB/T4657—2021 表4,GB/T 47277—2026 附录B表B.1
4460,国家黄金管理局,—,出自 GB/T4657—2021 表 B.4,GB/T 47277—2026 附录B表B.1
4470,国家矿产储量管理局,—,出自 GB/T4657—2021 表 B.4,GB/T 47277—2026 附录B表B.1
4480,国家国有资产管理局,—,出自 GB/T4657—2021 表 B.3,GB/T 47277—2026 附录B表B.1
4481,国务院国有资产监督管理委员会,现行,出自 GB/T4657—2021 表4,GB/T 47277—2026 附录B表B.1
4490,国家粮食储备局,—,出自 GB/T4657—2021 表 B.8,GB/T 47277—2026 附录B表B.1
4491,国家粮食局,—,出自 GB/T4657—2021 表 B.1,GB/T 47277—2026 附录B表B.1
4492,国家粮食和物资储备局,现行,出自 GB/T4657—2021 表4,GB/T 47277—2026 附录B表B.1
4501,国家安全生产监督管理总局,—,出自 GB/T4657—2021 表 B.1,GB/T 47277—2026 附录B表B.1
4510,国家体育总局,现行,出自 GB/T4657—2021 表4,GB/T 47277—2026 附录B表B.1
4520,国家保密局,现行,出自 GB/T4657—2021表 B.4,GB/T 47277—2026 附录B表B.1
4530,国家文物局,现行,出自 GB/T4657—2021 表4,GB/T 47277—2026 附录B表B.1
4540,国家版权局,现行,出自 GB/T4657—2021表 B.4,GB/T 47277—2026 附录B表B.1
4550,国家信访局,现行,出自 GB/T4657—2021 表4,GB/T 47277—2026 附录B表B.1
4560,国家烟草专卖局,现行,出自 GB/T4657—2021 表4,GB/T 47277—2026 附录B表B.1
4570,中国地质调查局,现行,出自 GB/T4657—2021 表 B.1,GB/T 47277—2026 附录B表B.1
4580,国家核安全局,—,出自 GB/T4657—2021表 B.3,GB/T 47277—2026 附录B表B.1
4590,国家铁路局,现行,出自 GB/T4657—2021 表4,GB/T 47277—2026 附录B表B.1
4600,中国银行保险监督管理委员会,—,出自 GB/T4657—2021 表4,GB/T 47277—2026 附录B表B.1
4610,国家标准局,—,出自 GB/T4657—2021 表 B.5,GB/T 47277—2026 附录B表B.1
4620,国家计量局,—,出自 GB/T4657—2021 表 B.5,GB/T 47277—2026 附录B表B.1
4630,国家专利局,—,出自 GB/T4657—2021 表 B.8,GB/T 47277—2026 附录B表B.1
4631,国家知识产权局,现行,出自 GB/T4657—2021 表4,GB/T 47277—2026 附录B表B.1
4640,国家医药管理局,—,出自 GB/T4657—2021 表 B.8,GB/T 47277—2026 附录B表B.1
4642,国家食品药品监督管理局,—,出自 GB/T4657—2021 表 B.1,GB/T 47277—2026 附录B表B.1
4650,国家进出口商品检验局(国家出入境检验检疫局),—,出自 GB/T4657—2021 表 B.3,GB/T 47277—2026 附录B表B.1
4660,国家测绘局,—,出自 GB/T4657—2021 表 B.1,GB/T 47277—2026 附录B表B.1
4670,国家环境保护局,—,出自 GB/T4657—2021 表 B.2,GB/T 47277—2026 附录B表B.1
4671,国家环境保护总局,—,出自 GB/T4657—2021 表 B.8,GB/T 47277—2026 附录B表B.1
4680,国家中医药管理局,现行,出自 GB/T4657—2021 表4,GB/T 47277—2026 附录B表B.1
4690,国家标准化管理委员会,现行,出自 GB/T4657—2021表 B.1,GB/T 47277—2026 附录B表B.1
4700,国家认证认可监督管理委员会,现行,出自 GB/T4657—2021表 B.1,GB/T 47277—2026 附录B表B.1
4710,国务院经济研究中心,—,出自 GB/T4657—2021 表 B.5,GB/T 47277—2026 附录B表B.1
4720,国务院技术经济研究中心,—,出自 GB/T4657—2021 表 B.5,GB/T 47277—2026 附录B表B.1
4730,国务院经济法规研究中心,—,出自 GB/T4657—2021 表 B.5,GB/T 47277—2026 附录B表B.1
4740,国务院价格研究中心,—,出自 GB/T4657—2021 表 B.5,GB/T 47277—2026 附录B表B.1
4760,国际问题研究中心,—,出自 GB/T4657—2021 表 B.5,GB/T 47277—2026 附录B表B.1
4770,国家药品监督管理局,现行,出自 GB/T4657—2021 表4,GB/T 47277—2026 附录B表B.1
4800,国家自然科学基金委员会,现行,出自 GB/T4657—2021 表4,GB/T 47277—2026 附录B表B.1
4810,国家信息中心,—,出自 GB/T4657—2021 表 B.1,GB/T 47277—2026 附录B表B.1
4820,中国工程院,现行,出自 GB/T4657—2021 表4,GB/T 47277—2026 附录B表B.1
4830,国家行政学院,—,出自 GB/T4657—2021表 B.1,GB/T 47277—2026 附录B表B.1
4860,国务院扶贫开发领导小组办公室,—,出自 GB/T4657—2021 表 B.6,GB/T 47277—2026 附录B表B.1
4861,国家乡村振兴局,现行,出自 GB/T4657—2021 表4,GB/T 47277—2026 附录B表B.1
4870,国务院南水北调工程建设委员会办公室,—,出自 GB/T4657—2021 表 B.1,GB/T 47277—2026 附录B表B.1
4880,中国工程物理研究院,现行,出自 GB/T4657—2021 表4,GB/T 47277—2026 附录B表B.1
4890,科技日报社,现行,出自 GB/T4657—2021 表4,GB/T 47277—2026 附录B表B.1
4900,新华通讯社,现行,出自 GB/T4657—2021 表4,GB/T 47277—2026 附录B表B.1
4910,中国科学院,现行,出自 GB/T4657—2021 表4,GB/T 47277—2026 附录B表B.1
4920,中国社会科学院,现行,出自 GB/T4657—2021 表4,GB/T 47277—2026 附录B表B.1
4930,国务院经济技术社会发展研究中心,—,出自 GB/T4657—2021 表 B.9,GB/T 47277—2026 附录B表B.1
4931,国务院发展研究中心,现行,出自 GB/T4657—2021 表4,GB/T 47277—2026 附录B表B.1
4940,国务院农村发展研究中心,—,出自 GB/T4657—2021 表 B.4,GB/T 47277—2026 附录B表B.1
4950,中国轻工总会,—,出自 GB/T4657—2021 表 B.3,GB/T 47277—2026 附录B表B.1
4960,中国纺织总会,—,出自 GB/T4657—2021 表 B.3,GB/T 47277—2026 附录B表B.1
4970,中国证券监督管理委员会,现行,出自 GB/T4657—2021 表4,GB/T 47277—2026 附录B表B.1
4980,中国保险监督管理委员会,—,出自 GB/T4657—2021 表 B.1,GB/T 47277—2026 附录B表B.1
4990,国务院三峡工程建设委员会,—,出自 GB/T4657—2021 表 B.7,GB/T 47277—2026 附录B表B.1
4991,国务院三峡工程建设委员会办公室,—,出自 GB/T4657—2021 表 B.1,GB/T 47277—2026 附录B表B.1
6010,中国商业联合会,—,出自 GB/T4657—2021 表 B.1,GB/T 47277—2026 附录B表B.1
6020,中国物流与采购联合会,—,出自 GB/T4657—2021 表 B.1,GB/T 47277—2026 附录B表B.1
6030,中国煤炭工业协会,—,出自 GB/T4657—2021 表 B.1,GB/T 47277—2026 附录B表B.1
6040,中国机械工业联合会,—,出自 GB/T4657—2021 表 B.1,GB/T 47277—2026 附录B表B.1
6050,中国钢铁工业协会,—,出自 GB/T4657—2021 表 B.1,GB/T 47277—2026 附录B表B.1
6060,中国石油和化学工业协会,—,出自 GB/T4657—2021 表 B.1,GB/T 47277—2026 附录B表B.1
6080,中国纺织工业协会,—,出自 GB/T4657—2021 表 B.1,GB/T 47277—2026 附录B表B.1
6090,中国建筑材料工业协会,—,出自 GB/T4657—2021 表 B.7,GB/T 47277—2026 附录B表B.1
6091,中国建筑材料工业联合会,—,出自 GB/T4657—2021 表 B.1,GB/T 47277—2026 附录B表B.1
6100,中国有色金属工业协会,—,出自 GB/T4657—2021 表 B.1,GB/T 47277—2026 附录B表B.1
6110,中国老龄协会(全国老龄工作委员会办公室),—,出自 GB/T4657—2021 表 B.1,GB/T 47277—2026 附录B表B.1
6210,国家预防腐败局,—,出自 GB/T4657—2021 表 B.1,GB/T 47277—2026 附录B表B.1
6220,中国银行业监督管理委员会,—,出自 GB/T4657—2021 表 B.1,GB/T 47277—2026 附录B表B.1
6230,国家电力监管委员会,—,出自 GB/T4657—2021 表 B.1,GB/T 47277—2026 附录B表B.1
6240,国家能源局,现行,出自 GB/T4657—2021 表4,GB/T 47277—2026 附录B表B.1
6250,国家国防科技工业局,现行,出自 GB/T4657—2021 表4,GB/T 47277—2026 附录B表B.1
6260,国家公务员局,—,出自 GB/T4657—2021 表 B.1,GB/T 47277—2026 附录B表B.1
6270,国家煤矿安全监察局,—,出自 GB/T4657—2021 表 B.6,GB/T 47277—2026 附录B表B.1
6271,国家矿山安全监察局,现行,出自 GB/T4657—2021 表4,GB/T 47277—2026 附录B表B.1
6280,国家疾病预防控制局,现行,出自 GB/T4657—2021 表4,GB/T 47277—2026 附录B表B.1
6290,国家数据局,现行,,GB/T 47277—2026 附录B表B.1
6300,国家消防救援局,现行,,GB/T 47277—2026 附录B表B.1
6310,国务院新闻办公室,现行,,GB/T 47277—2026 附录B表B.1
6320,国家新闻出版署,现行,,GB/T 47277—2026 附录B表B.1
6330,国家电影局,现行,,GB/T 47277—2026 附录B表B.1
6340,国家密码管理局,现行,,GB/T 47277—2026 附录B表B.1
6350,国家互联网信息办公室,现行,,GB/T 47277—2026 附录B表B.1
6360,国家航天局,现行,,GB/T 47277—2026 附录B表B.1
6370,国家原子能机构,现行,,GB/T 47277—2026 附录B表B.1
6380,国家消耗臭氧层物质进出口管理办公室,现行,,GB/T 47277—2026 附录B表B.1
6390,国家反垄断局,现行,,GB/T 47277—2026 附录B表B.1
7110,中华全国总工会,现行,出自 GB/T4657—2021 表5,GB/T 47277—2026 附录B表B.1
7130,中华全国妇女联合会,现行,出自 GB/T4657—2021 表5,GB/T 47277—2026 附录B表B.1
7140,中华全国工商业联合会,现行,出自 GB/T4657—2021 表5,GB/T 47277—2026 附录B表B.1
7150,中华职教社,—,出自 GB/T4657—2021 表 B.8,GB/T 47277—2026 附录B表B.1
7151,中华职业教育社,现行,出自 GB/T4657—2021 表5,GB/T 47277—2026 附录B表B.1
7160,中国职工思想政治工作研究会,—,出自 GB/T4657—2021 表 B.6,GB/T 47277—2026 附录B表B.1
7161,中国思想政治工作研究会,现行,出自 GB/T4657—2021 表5,GB/T 47277—2026 附录B表B.1
7170,中国关心下一代工作委员会,现行,出自 GB/T4657—2021 表5,GB/T 47277—2026 附录B表B.1
7210,中国文学艺术界联合会,现行,出自 GB/T4657—2021 表5,GB/T 47277—2026 附录B表B.1
7220,中华全国新闻工作者协会,现行,出自 GB/T4657—2021 表5,GB/T 47277—2026 附录B表B.1
7230,中国作家协会,现行,出自 GB/T4657—2021 表5,GB/T 47277—2026 附录B表B.1
7240,中国计划生育协会,现行,出自 GB/T4657—2021 表5,GB/T 47277—2026 附录B表B.1
7260,中国法学会,现行,出自 GB/T4657—2021 表5,GB/T 47277—2026 附录B表B.1
7310,中国科学技术协会,现行,出自 GB/T4657—2021 表5,GB/T 47277—2026 附录B表B.1
7410,中国国际贸易促进委员会,现行,出自 GB/T4657—2021 表5,GB/T 47277—2026 附录B表B.1
7510,中国人民对外友好协会,现行,出自 GB/T4657—2021 表5,GB/T 47277—2026 附录B表B.1
7520,中国人民外交学会,现行,出自 GB/T4657—2021 表5,GB/T 47277—2026 附录B表B.1
7610,中国红十字会总会,现行,出自 GB/T4657—2021 表5,GB/T 47277—2026 附录B表B.1
7620,残疾人联合会,—,出自 GB/T4657—2021 表 B.9,GB/T 47277—2026 附录B表B.1
7621,中国残疾人联合会,现行,出自 GB/T4657—2021 表5,GB/T 47277—2026 附录B表B.1
7710,中华全国归国华侨联合会,现行,,GB/T 47277—2026 附录B表B.1
7720,中华全国台湾同胞联谊会,现行,出自 GB/T4657—2021 表5,GB/T 47277—2026 附录B表B.1
7730,欧美同学会,现行,出自 GB/T4657—2021 表5,GB/T 47277—2026 附录B表B.1
7740,黄埔同学会,—,出自 GB/T4657—2021 表 B.8,GB/T 47277—2026 附录B表B.1
7741,黄埔军校同学会,现行,出自 GB/T4657—2021 表5,GB/T 47277—2026 附录B表B.1
7770,中国藏学研究中心,现行,出自 GB/T4657—2021 表5,GB/T 47277—2026 附录B表B.1
7780,中国和平统一促进会,现行,出自 GB/T4657—2021 表5,GB/T 47277—2026 附录B表B.1
7810,纪念宋庆龄国家名誉主席基金会,—,出自 GB/T4657—2021 表 B.8,GB/T 47277—2026 附录B表B.1
7811,宋庆龄基金会,—,出自 GB/T4657—2021 表 B.6,GB/T 47277—2026 附录B表B.1
7812,中国宋庆龄基金会,现行,出自 GB/T4657—2021 表5,GB/T 47277—2026 附录B表B.1
7910,中国民主同盟中央委员会,现行,出自 GB/T4657—2021 表5,GB/T 47277—2026 附录B表B.1
7920,中国国民党革命委员会中央委员会,现行,出自 GB/T4657—2021 表5,GB/T 47277—2026 附录B表B.1
7930,中国民主建国会中央委员会,现行,出自 GB/T4657—2021 表5,GB/T 47277—2026 附录B表B.1
7940,中国民主促进会中央委员会,现行,出自 GB/T4657—2021 表5,GB/T 47277—2026 附录B表B.1
7950,中国农工民主党中央委员会,现行,出自 GB/T4657—2021 表5,GB/T 47277—2026 附录B表B.1
7960,中国致公党中央委员会,现行,出自 GB/T4657—2021 表5,GB/T 47277—2026 附录B表B.1
7970,九三学社中央委员会,现行,出自 GB/T4657—2021 表5,GB/T 47277—2026 附录B表B.1
7980,台湾民主自治同盟中央委员会,现行,出自 GB/T4657—2021 表5,GB/T 47277—2026 附录B表B.1
